"accession_number","species_name","locus","sequence_fasta","latitude","longitude","date","study_ref","seq_ref","url"
"PX694750.1","Bathynomus giganteus","cox1",">PX694750.1 Bathynomus giganteus isolate DW8 cytochrome c oxidase subunit I (COX1) gene, partial cds; mitochondrial
TGTTGGTACTGGATTAAGAATAATTATTCGGGTTGAATTAGGGCAGCCTGGTAGTTTTATTGGGGACGAC
CAGATCTATAATGTAGTGGTAACGGCTCATGCCTTTGTTATGATTTTTTTTCTTGTTATACCGGTTATAA
TTGGGGGGTTTGGTAATTGGCTACTTCCGCTTATATTAGGGGCCCCRGATATAGCATTTCCCCGGATAAA
TAATATAAGATTTTGACTCTTACCCCCCTCTTTRGCTCTYTTRTTGAGGAGGGGGYTGGTGGAAAGGGGG
GTAGGGACGGGYTGAACCGTATATCCGCCATTAGCAAGAGGTATCGCRCACAGTGGKGCYTCTGTKGATT
TGGCTATTTTTTCTTTACATTTRGCAGGGGCTTCTTCTATYTTAGGGGCAGTWAATTTTATATCAACCAC
YATTAAYATACGCTCTTATGGGATAAGACCWGATCGAGTYCCACTTTTTGTGTGGTCCGTGTTTATTACA
GCGGTATTATTATTACTCTCTCTTCCGGTATTGGCGGGTGCTATTACGATGCTTTTAACAGATCGTAATC
TTAACACTAGATTCTTCGACCCCAGAGGGGGAGGAGATCCCATTCTTTACCAACACCTA

",NA,NA,"14-Nov-2022","Jenrette,J.F.","NCBI GenBank","https://www.ncbi.nlm.nih.gov/nuccore/PX694750.1"
"PX694749.1","Bathynomus giganteus","cox1",">PX694749.1 Bathynomus giganteus isolate DW8 cytochrome c oxidase subunit I (COX1) gene, partial cds; mitochondrial
ATGCAACGTTGATTATACTCTACTAACCACAAAGATATTGGCACTTTATATTTTATCTTTGGGGCTTGAG
CGGGGGCTGTTGGTACTGGATTAAGAATAATTATTCGGGTTGAATTAGGGCAGCCTGGTAGTTTTATTGG
GGACGACCAGATCTATAATGTAGTGGTAACGGCTCATGCCTTTGTTATGATTTTTTTTCTTGTTATACCG
GTTATAATTGGGGGGTTTGGTAATTGGCTACTTCCGCTTATATTAGGGGCCCCRGATATAGCATTTCCCC
GGATAAATAATATAAGATTTTGACTCTTACCCCCCTCTTTRGCTCTYTTRTTGAGGAGGGGGYTGGTGGA
AAGGGGGGTAGGGACGGGYTGAACCGTATATCCGCCATTAGCAAGAGGTATCGCRCACAGTGGKGCYTCT
GTKGATTTGGCTATTTTTTCTTTACATTTRGCAGGGGCTTCTTCTATYTTAGGGGCAGTWAATTTTATAT
CAACCACYATTAAYATACGCTCTTATGGGATAAGACCWGATCGAGTYCCACTTTTTGTGTGGTCCGTGTT
TATTACAGCGGTATTATTATTACTCTCTCTTCCGGTATTGGCGGGTGCTATTACGATGCTTTTAACAGAT
CGTAATCTTAACACTAGATTCTTCGACCCCAGAGGGGGAGGAGATCCCATTCTTTACCAACACCTATTCT
GGTTCTTTGGACACCCTGAGGTGTATATTTTGATTCTCCCGGCTTTTGGAATAGTTTCTCATATTGTGAG
GCAAGAGGCGGGTAAGAAGGAGGCTTTTGGGGCTTTGGGGATAATCTATGCGATAGCGGCAATCGGCGTG
TTAGGTTTTGTAGTATGGGCACATCATATGTTTACAGTGGGGATAGATGTTGATACTCGTGCTTATTTTA
CATCAGCAACTATAATTATTGCTGTTCCGACTGGAATTAAGATCTTTAGCTGGTTGAGGACACTTCATGG
TTGCCGGCTGGCCTATAGCCCTTCATTGCTTTGAGCTTTGGGATTTATTTTCCTTTTTACAGTAGGGGGT
CTAACGGGGGTGGTTCTTTCAAATTCTTCGATCGATATTATCTTACATGATACTTATTACGTTGTTGCCC
ACTTCCACTATGTGTTATCAATAGGGGCGGTATTTGCTATCTTTGGGGGCTGCGCGCACTGGTTCTCTCT
ATTTACTGGATTGACGTTAAATCCGGCCTATATAAAAGTGCAGTTTATTCTAATATTTTTAGGGGTAAAT
TTAACATTCTTCCCACAACATTTTTTAGGRCTAGGGGGAATACCTCGSCGGTATTCTGATTACCCAGATG
TCTACAGTTGTTGAAATAGGGTATCTTCTGTGGGCTCATTGGTATCTGTTGTGTCGGTTTTAATCTTTTT
AAGTGCGGTTTGGGAGGCATTTAGAGCAGGGCGACCTATTCTAAGGGTGCAAAGACTTAGTTCCTCCTTA
GAGTGGCTTCACCCTCTCCCTCCGGCAGATCATAGGTATAGAGAGATTCCAATAATCTCAAGGACATAA

",NA,NA,"14-Nov-2022","Jenrette,J.F.","NCBI GenBank","https://www.ncbi.nlm.nih.gov/nuccore/PX694749.1"
"PV739366.1","Bathynomus doederleinii","ribosomal subunit",">PV739366.1 Bathynomus doederleinii isolate DGNK11-1 large subunit ribosomal RNA gene, partial sequence; mitochondrial
CAAAAACATCGTTTACTTAACCCTAGTAGATAGAATCTGCCCGCTGTTATTTATAAAAGGCCGCGGTATC
GCTGACCGTGCTAAGGTAGCATAATCACTCGCCTCTTAATAGAAGGCTCGTATAAATGATCTGACGGAAG
GTAGACTGTCTCAGCTATGTAATAGAATCTGACATAAGGGTAAAAAGGCCCTTTCCCCCAAGGGGACGAT
CAGACCCTAAAAACTTTATCTACCTTTGCCCTTCGCCCTTTACCTTAAAAGAGTAGAAATAGATTTTGCT
GGGGCGGCATTTTTTAATACAAAAACAATCTTTCTTAAAACACCTTGTGTGGTACTTATAACACCCCTTT
AAAGACTAAAGACCAGTTACTTTAGGGATAACAGCGCAACCCCTTCTAGAGCCCCTATCGACAAGCAGGA
AAGCGACCTCGATGTTGAATTGAGACTCCCTACTGGGCAGCCCCAGTAAAGGACAGGACTGTTCGTCCTA
AGATCCTCACGTGATCTGA

",NA,NA,"Feb-2019","Huang,M.-C.","NCBI GenBank","https://www.ncbi.nlm.nih.gov/nuccore/PV739366.1"
"PV739362.1","Bathynomus doederleinii","ribosomal subunit",">PV739362.1 Bathynomus doederleinii isolate DGY9-1 large subunit ribosomal RNA gene, partial sequence; mitochondrial
CAAAAACATCGTTTACTTAACCCTAGTAGATAGAATCTGCCCGCTGTTATTTATAAAAGGCCGCGGTATC
GCTGACCGTGCTAAGGTAGCATAATCACTCGCCTCTTAATAGAAGGCTCGTATAAATGATCTGACGGAAG
GTAGACTGTCTCAGCTATGTAATAGAATCTGACATAAGGGTAAAAAGGCCCTTTCCCCCAAGGGGACGAT
CAGACCCTAAAAACTTTATCTACCTTTGCCCTTCGCCCTTTACCTTAAAAGAGTAGAAATAGATTTTGCT
GGGGCGGCATTTTTTAATACAAAAACAATCTTTCTTAAAACACCTTGTGTGGTACTTATAACACGCCTTT
AAAGACTAAAGACCAGTTACTTTAGGGATAACAGCGCAACCCCTTCTAGAGCCCCTATCGACAAGCAGGA
AAGCGACCTCGATGTTGAATTGAGACTCCCTACTGGGCAGCCCCAGTAAAGGACAGGACTGTTCGTCCTA
AGATCCTCACGTGATCTGA

",22.28,120.38,"Feb-2019","Huang,M.-C.","NCBI GenBank","https://www.ncbi.nlm.nih.gov/nuccore/PV739362.1"
"PV739363.1","Bathynomus doederleinii","ribosomal subunit",">PV739363.1 Bathynomus doederleinii isolate DSY10-1 large subunit ribosomal RNA gene, partial sequence; mitochondrial
CAAAAACATCGTTTACTTAACCCTAGTAGATAGAATCTGCCCGCTGTTATTTATAAAAGGCCGCGGTATC
GCTGACCGTGCTAAGGTAGCATAATCACTCGCCTCTTAATAGAAGGCTCGTATAAATGATCTGACGGAAG
GTAGACTGTCTCAGCTATGTAATAGAATCTGACATAAGGGTAAAAAGGCCCTTTCCCCCAAGGGGACGAT
CAGACCCTAAAAACTTTATCTACCTTTGCCCTTCGCCCTTTACCTTAAAAGAGTAGAAATAGATTTTGCT
GGGGCGGCATTTTTTAATACAAAAACAATCTTTCTTAAAACACCTTGTGTGGTACTTATAACACGCCTTT
AAAGACTAAAGACCAGTTACTTTAGGGATAACAGCGCAACCCCTTCTAGAGCCCCTATCGACAAGCAGGA
AAGCGACCTCGATGTTGAATTGAGACTCCCTACTGGGCAGCCCCAGTAAAGGACAGGACTGTTCGTCCTA
AGATCCTCACGTGATCTGA

",19.08,113.25,"24-Jan-2025","Huang,M.-C. and Wang,Y.-Y.","NCBI GenBank","https://www.ncbi.nlm.nih.gov/nuccore/PV739363.1"
"PV739365.1","Bathynomus doederleinii","ribosomal subunit",">PV739365.1 Bathynomus doederleinii isolate DGY7-1 large subunit ribosomal RNA gene, partial sequence; mitochondrial
CAAAAACATCGTTTACTTAACCCTAGTAGATAGAATCTGCCCGCTGTTATTTATAAAAGGCCGCGGTATC
GCTGACCGTGCTAAGGTAGCATAATCACTCGCCTCTTAATAGAAGGCTCGTATAAATGATCTGACGGAAG
GTAGACTGTCTCAGCTATGTAATAGAATCTGACATAAGGGTAAAAAGGCCCTTTCCCCCAAGGGGACGAT
CAGACCCTAAAAACTTTATCTACCTTTGCCCTTCGCCCTTTACCTTAAAAGAGTAGAAATAGATTTTGCT
GGGGCGGCATTTTTTAATACAAAAACAATCTTTCTTAAAACACCTTGTGTGGTACTTATAACACGCCTTT
AAAGACTAAAGACCAGTTACTTTAGGGATAACAGCGCAACCCCTTCTAGAGCCCCTATCGACAAGCAGGA
AAGCGACCTCGATGTTGAATTGAGACTCCCTACTGGGCAGCCCCAGTAAAGGACAGGACTGTTCGTCCTA
AGATCCTCACGTGATCTGA

",22.28,120.38,"Feb-2019","Huang,M.-C.","NCBI GenBank","https://www.ncbi.nlm.nih.gov/nuccore/PV739365.1"
"PV739361.1","Bathynomus doederleinii","ribosomal subunit",">PV739361.1 Bathynomus doederleinii isolate DSY9-1 large subunit ribosomal RNA gene, partial sequence; mitochondrial
CAAAAACATCGTTTACTTAACCCTAGTAGATAGAATCTGCCCGCTGTTATTTATAAAAGGCCGCGGTATC
GCTGACCGTGCTAAGGTAGCATAATCACTCGCCTCTTAATAGAAGGCTCGTATAAATGATCTGACGGAAG
GTAGACTGTCTCAGCTATGTAATAGAATCTGACATAAGGGTAAAAAGGCCCTTTCCCCCAAGGGGACGAT
CAGACCCTAAAAACTTTATCTACCTTTGCCCTTCGCCCTTTACCTTAAAAGAGTAGAAATAGATTTTGCT
GGGGCGGCATTTTTTAATACAAAAACAATCTTTCTTAAAACACCTTGTGTGGTACTTATAACACGCCTTT
AAAGACTAAAGACCAGTTACTTTAGGGATAACAGCGCAACCCCTTCTAGAGCCCCTATCGACAAGCAGGA
AAGCGACCTCGATGTTGAATTGAGACTCCCTACTGGGCAGCCCCAGTAAAGGACAGGACTGTTCGTCCTA
AGATCCTCACGTGATCTGA

",19.08,113.25,"24-Jan-2025","Huang,M.-C.","NCBI GenBank","https://www.ncbi.nlm.nih.gov/nuccore/PV739361.1"
"PV739364.1","Bathynomus doederleinii","ribosomal subunit",">PV739364.1 Bathynomus doederleinii isolate DSY9-2 large subunit ribosomal RNA gene, partial sequence; mitochondrial
CAAAAACATCGTTTACTTAACCCTAGTAGATAGAATCTGCCCGCTGTTATTTATAAAAGGCCGCGGTATC
GCTGACCGTGCTAAGGTAGCATAATCACTCGCCTCTTAATAGAAGGCTCGTATAAATGATCTGACGGAAG
GTAGACTGTCTCAGCTATGTAATAGAATCTGACATAAGGGTAAAAAGGCCCTTTCCCCCAAGGGGACGAT
CAGACCCTAAAAACTTTATCTACCTTTGCCCTTCGCCCTTTACCTTAAAAGAGTAGAAATAGATTTTGCT
GGGGCGGCATTTTTTAATACAAAAACAATCTTTCTTAAAACACCTTGTGTGGTGCTTATAACACGCCTTT
AAAGACTAAAGACCAGTTACTTTAGGGATAACAGCGCAACCCCTTCTAGAGCCCCTATCGACAAGCAGGA
AAGCGACCTCGATGTTGAATTGAGACTCCCTACTGGGCAGCCCCAGTAAAGGACAGGACTGTTCGTCCTA
AGATCCTCACGTGATCTGA

",NA,NA,"24-Jan-2025","Huang,M.-C. and Wang,Y.-Y.","NCBI GenBank","https://www.ncbi.nlm.nih.gov/nuccore/PV739364.1"
"PV739354.1","Bathynomus doederleinii","ribosomal subunit",">PV739354.1 Bathynomus doederleinii isolate DSY8-2 large subunit ribosomal RNA gene, partial sequence; mitochondrial
CAAAAACATCGTTTACTTAACCCTAGTAGATAGAATCTGCCCGCTGTTATTTATAAAAGGCCGCGGTATC
GCTGACCGTGCTAAGGTAGCATAATCACTCGCCTCTTAATAGAAGGCTCGTATAAATGATCTGACGGAAG
GTAGACTGTCTCAGCTATGTAATAGAATCTGACATAAGGGTAAAAAGGCCCTTTCCCCCAAGGGGACGAT
CAGACCCTAAAAACTTTATCTACCTTTGCCCTTCGCCCTTTACCTTAAAAGAGTAGAAATAGATTTTGCT
GGGGCGGCATTTTTTAATACAAAAACAATCTTTCTTAAAACACCTTGTGTGGTACTTATAACACGCCTTT
AAAGACTAAAGACCAGTTACTTTAGGGATAACAGCGCAACCCCTTCTAGAGCCCCTATCGACAAGCAGGA
AAGCGACCTCGATGTTGAATTGAGACTCCCTACTGGGCAGCCCCAGTAAAGGACAGGACTGTTCGTCCTA
AGATCCTCACGTGATCTGA

",19.08,113.25,"24-Jan-2025","Huang,M.-C. and Wang,Y.-Y.","NCBI GenBank","https://www.ncbi.nlm.nih.gov/nuccore/PV739354.1"
"PV739357.1","Bathynomus doederleinii","ribosomal subunit",">PV739357.1 Bathynomus doederleinii isolate DSY7-1 large subunit ribosomal RNA gene, partial sequence; mitochondrial
CAAAAACATCGTTTACTTAACCCTAGTAGATAGAATCTGCCCGCTGTTATTTATAAAAGGCCGCGGTATC
GCTGACCGTGCTAAGGTAGCATAATCACTCGCCTCTTAATAGAAGGCTCGTATAAATGATCTGACGGAAG
GTAGACTGTCTCAGCTATGTAATAGAATCTGACATAAGGGTAAAAAGGCCCTTTCCCCCAAGGGGACGAT
CAGACCCTAAAAACTTTATCTACCTTTGCCCTTCGCCCTTTACCTTAAAAGAGTAGAAATAGATTTTGCT
GGGGCGGCATTTTTTAATACAAAAACAATCTTTCTTAAAACACCTTGTGTGGTACTTATAACACGCCTTT
AAAGACTAAAGACCAGTTACTTTAGGGATAACAGCGCAACCCCTTCTAGAGCCCCTATCGACAAGCAGGA
AAGCGACCTCGATGTTGAATTGAGACTCCCTACTGGGCAGCCCCAGTAAAGGACAGGACTGTTCGTCCTA
AGATCCTCACGTGATCTGA

",19.08,113.25,"24-Jan-2025","Huang,M.-C. and Wang,Y.-Y.","NCBI GenBank","https://www.ncbi.nlm.nih.gov/nuccore/PV739357.1"
"PV739360.1","Bathynomus doederleinii","ribosomal subunit",">PV739360.1 Bathynomus doederleinii isolate DSY8-1 large subunit ribosomal RNA gene, partial sequence; mitochondrial
CAAAAACATCGTTTACTTAACCCTAGTAGATAGAATCTGCCCGCTGTTATTTATAAAAGGCCGCGGTATC
GCTGACCGTGCTAAGGTAGCATAATCACTCGCCTCTTAATAGAAGGCTCGTATAAATGATCTGACGGAAG
GTAGACTGTCTCAGCTATGTAATAGAATCTGACATAAGGGTAAAAAGGCCCTTTCCCCCAAGGGGACGAT
CAGACCCTAAAAACTTTATCTACCTTTGCCCTTCGCCCTTTACCTTAAAAGAGTAGAAATAGATTTTGCT
GGGGCGGCATTTTTTAATACAAAAACAATCTTTCTTAAAACACCTTGTGTGGTACTTATAACACGCCTTT
AAAGACTAAAGACCAGTTACTTTAGGGATAACAGCGCAACCCCTTCTAGAGCCCCTATCGACAAGCAGGA
AAGCGACCTCGATGTTGAATTGAGACTCCCTACTGGGCAGCCCCAGTAAAGGACAGGACTGTTCGTCCTA
AGATCCTCACGTGATCTGA

",19.08,113.25,"24-Jan-2025","Huang,M.-C. and Wang,Y.-Y.","NCBI GenBank","https://www.ncbi.nlm.nih.gov/nuccore/PV739360.1"
"PV739358.1","Bathynomus doederleinii","ribosomal subunit",">PV739358.1 Bathynomus doederleinii isolate TCY7-1 large subunit ribosomal RNA gene, partial sequence; mitochondrial
ACAAAAACATCGTTTACTTAACCCTAGTAGATAGAATCTGCCCGCTGTTATTTATAAAAGGCCGCGGTAT
CGCTGACCGTGCTAAGGTAGCATAATCACTCGCCTCTTAATAGAAGGCTCGTATAAATGATCTGACGGAA
GGTAGACTGTCTCAGCTATGTAATAGAATCTGACATAAGGGTAAAAAGGCCCTTTCCCCCAAGGGGACGA
TCAGACCCTAAAAACTTTATCTACCTTTGCCCTTCGCCCTTTACCTTAAAAGAGTAGAAATAGATTTTGC
TGGGGCGGCATTTTTTAATACAAAAACAATCTTTCTTAAAACACCTTGTGTGGTACTTATAACACGCCTT
TAAAGACTAAAGACCAGTTACTTTAGGGATAACAGCGCAACCCCTTCTAGAGCCCCTATCGACAAGCAGG
AAAGCGACCTCGATGTTGAATTGAGACTCCCTACTGGGCAGCCCCAGTAAAGGACAGGACTGTTCGTCCT
AAGATCCTCACGTGATCTGAT

",24.941024,121.902009,"23-Aug-2021","Huang,M.-C.","NCBI GenBank","https://www.ncbi.nlm.nih.gov/nuccore/PV739358.1"
"PV739359.1","Bathynomus doederleinii","ribosomal subunit",">PV739359.1 Bathynomus doederleinii isolate TCY6-1 large subunit ribosomal RNA gene, partial sequence; mitochondrial
ACAAAAACATCGTTTACTTAACCCTAGTAGATAGAATCTGCCCGCTGTTATTTATAAAAGGCCGCGGTAT
CGCTGACCGTGCTAAGGTAGCATAATCACTCGCCTCTTAATAGAAGGCTCGTATAAATGATCTGACGGAA
GGTAGACTGTCTCAGCTATGTAATAGAATCTGACATAAGGGTAAAAAGGCCCTTTCCCCCAAGGGGACGA
TCAGACCCTAAAAACTTTATCTACCTTTGCCCTTCGCCCTTTACCTTAAAAGAGTAGAAATAGATTTTGC
TGGGGCGGCATTTTTTAATACAAAAACAATCTTTCTTAAAACACCTTGTGTGGTACTTATAACACGCCTT
TAAAGACTAAAGACCAGTTACTTTAGGGATAACAGCGCAACCCCTTCTAGAGCCCCTATCGACAAGCAGG
AAAGCGACCTCGATGTTGAATTGAGACTCCCTACTGGGCAGCCCCAGTAAAGGACAGGACTGTTCGTCCT
AAGATCCTCACGTGATCTGAT

",24.941024,121.902009,"23-Aug-2021","Huang,M.-C.","NCBI GenBank","https://www.ncbi.nlm.nih.gov/nuccore/PV739359.1"
"PV739355.1","Bathynomus doederleinii","ribosomal subunit",">PV739355.1 Bathynomus doederleinii isolate TCY8-1 large subunit ribosomal RNA gene, partial sequence; mitochondrial
ACAAAAACATCGTTTACTTAACCCTAGTAGATAGAATCTGCCCGCTGTTATTTATAAAAGGCCGCGGTAT
CGCTGACCGTGCTAAGGTAGCATAATCACTCGCCTCTTAATAGAAGGCTCGTATAAATGATCTGACGGAA
GGTAGACTGTCTCAGCTATGTAATAGAATCTGACATAAGGGTAAAAAGGCCCTTTCCCCCAAGGGGACGA
TCAGACCCTAAAAACTTTATCTACCTTTGCCCTTCGCCCTTTACCTTAAAAGAGTAGAAATAGATTTTGC
TGGGGCGGCATTTTTTAATACAAAAACAATCTTTCTTAAAACACCTTGTGTGGTACTTATAACACGCCTT
TAAAGACTAAAGACCAGTTACTTTAGGGATAACAGCGCAACCCCTTCTAGAGCCCCTATCGACAAGCAGG
AAAGCGACCTCGATGTTGAATTGAGACTCCCTACTGGGCAGCCCCAGTAAAGGACAGGACTGTTCGTCCT
AAGATCCTCACGTGATCTGAT

",24.941024,121.902009,"23-Aug-2021","Huang,M.-C.","NCBI GenBank","https://www.ncbi.nlm.nih.gov/nuccore/PV739355.1"
"PV739356.1","Bathynomus doederleinii","ribosomal subunit",">PV739356.1 Bathynomus doederleinii isolate TCY7-2 large subunit ribosomal RNA gene, partial sequence; mitochondrial
ACAAAAACATCGTTTACTTAACCCTAGTAGATAGAATCTGCCCGCTGTTATTTATAAAAGGCCGCGGTAT
CGCTGACCGTGCTAAGGTAGCATAATCACTCGCCTCTTAATAGAAGGCTCGTATAAATGATCTGACGGAA
GGTAAACTGTCTCAGCTATGTAATAGAATCTGACATAAGGGTAAAAAGGCCCTTTCCCCCAAGGGGACGA
TCAGACCCTAAAAACTTTATCTACCTTTGCTCTTCGCCCTTTACCTTAAAAGAGTAGAAATAGATTTTGC
TGGGGCGGCATTTTTTAATACAAAAACAATCTTTCTTAAAACACCTTGTGTGGCACTTATAACACACCTT
TAAAGACTAAAGACCAGTTACTTTAGGGATAACAGCGCAACCCCTTCTAGAGCCCCTATCGACAAGCAGG
AAAGCGACCTCGATGTTGAATTGAGACTCCCTACTGGGCAGCCCCAGTAAAGGACAGGACTGTTCGTCCT
AAGATCCTCACGTGATCTGAT

",24.941024,121.902009,"23-Aug-2021","Huang,M.-C.","NCBI GenBank","https://www.ncbi.nlm.nih.gov/nuccore/PV739356.1"
"PV737901.1","Bathynomus doederleinii","cox1",">PV737901.1 Bathynomus doederleinii isolate TCY9-1 cytochrome c oxidase subunit I (COX1) gene, partial cds; mitochondrial
AAAGATATTGGCACTTTATATTTTATCTTTGGGGCTTGGGCTGGGGCAGTTGGCACAGGGTTGAGGATGA
TTATTCGTGTTGAGCTAGGTCAGCCCGGTAGCTTTATTGGGGATGATCAGATTTATAATGTGGTGGTAAC
GGCACACGCTTTTGTTATAATTTTTTTCCTTGTTATGCCTGTTATAATTGGGGGGTTTGGCAATTGGCTA
TTACCTTTAATACTGGGAGCTCCCGATATAGCATTCCCTCGTATGAATAATATAAGATTTTGGCTTTTGC
CTCCCTCTCTAGCTCTCTTGTTAAGCAGGGGGCTGGTTGAGAGAGGGGTTGGCACAGGTTGAACTGTTTA
TCCCCCACTAGCGAGCAGTATCGCACACAGGGGAGCTTCTGTGGATTTGGGGATTTTTTCATTACATTTA
GCGGGGGCCTCTTCTATTTTAGGGGCGGTGAATTTTATATCCACCACCATTAATATACGCTCTTACGGCA
TAAGACCAGATCGTGTCCCCCTCTTTGTATGGTCGGTGTTTATTACGGCTGTGTTATTATTACTTTCTCT
TCCGGTGTTGGCGGGGGCAATCACTATGCTTTTAACGGATCGGAATTTAAATACTAGATTTTTTGACCCA
AGAGGGGGAGGGGATCCTATTCTCTACCAGCATCTATTCTGATTTTTT

",22.28,120.38,"Feb-2019","Huang,M.-C.","NCBI GenBank","https://www.ncbi.nlm.nih.gov/nuccore/PV737901.1"
"PV737900.1","Bathynomus doederleinii","cox1",">PV737900.1 Bathynomus doederleinii isolate DGNK cytochrome c oxidase subunit I (COX1) gene, partial cds; mitochondrial
AAAGATATTGGCACTTTATATTTTATCTTTGGGGCTTGGGCTGGGGCAGTTGGCACAGGGTTGAGGATGA
TTATTCGTGTTGAGCTAGGTCAGCCCGGTAGCTTTATTGGGGATGATCAGATTTATAATGTGGTGGTAAC
GGCACACGCTTTTGTTATAATTTTTTTCCTTGTTATGCCTGTTATAATTGGGGGGTTTGGCAATTGGCTA
TTACCTTTAATACTGGGAGCTCCCGATATAGCATTCCCTCGTATGAATAATATAAGATTTTGGCTTTTGC
CTCCCTCTCTAGCTCTCTTGTTAAGCAGGGGGCTGGTTGAGAGAGGGGTTGGCACAGGTTGAACTGTTTA
TCCCCCACTAGCGAGCAGTATCGCACACAGGGGAGCTTCTGTGGATTTGGGGATTTTTTCATTACATTTA
GCGGGGGCCTCTTCTATTTTAGGGGCGGTGAATTTTATATCCACCACCATTAATATACGCTCTTACGGCA
TAAGACCAGATCGTGTCCCCCTCTTTGTATGGTCGGTGTTTATTACGGCTGTGTTATTATTACTTTCTCT
TCCGGTGTTGGCGGGGGCAATCACTATGCTTTTAACGGATCGGAATTTAAATACTAGATTTTTTGACCCA
AGAGGGGGAGGGGATCCTATTCTCTACCAGCATCTATTCTGATTTTTT

",22.28,120.38,"Feb-2019","Huang,M.-C.","NCBI GenBank","https://www.ncbi.nlm.nih.gov/nuccore/PV737900.1"
"PV737903.1","Bathynomus doederleinii","cox1",">PV737903.1 Bathynomus doederleinii isolate DSY8-2 cytochrome c oxidase subunit I (COX1) gene, partial cds; mitochondrial
ATATTGGCACTTTATATTTTATCTTTGGGGCTTGGGCTGGGGCAGTTGGCACAGGGTTGAGGATGATTAT
TCGTGTTGAGCTAGGTCAGCCCGGTAGCTTTATTGGGGATGATCAGATTTATAATGTGGTGGTAACGGCA
CACGCTTTTGTTATAATTTTTTTCCTTGTTATGCCTGTTATAATTGGGGGGTTTGGCAATTGGCTATTAC
CTTTAATACTAGGAGCTCCCGATATAGCATTCCCTCGTATGAATAATATAAGATTTTGGCTTTTGCCTCC
CTCTCTAGCTCTCTTGTTAAGCAGGGGGCTGGTTGAGAGAGGGGTTGGCACAGGTTGAACTGTTTATCCC
CCCCTAGCGAGCAGTATCGCACACAGGGGGGCTTCTGTGGATTTGGGGATTTTTTCATTACATTTAGCGG
GGGCCTCTTCTATTTTAGGGGCGGTGAATTTTATATCCACCACCATTAATATACGCTCTTACGGCATAAG
ACCAGATCGTGTCCCCCTCTTTGTATGGTCGGTGTTTATTACGGCTGTGTTATTATTACTTTCTCTTCCG
GTGTTGGCGGGGGCAATCACTATGCTTTTAACGGATCGGAATTTAAATACTAGATTTTTTGACCCAAGAG
GGGGAGGGGATCCTATTCTCTACCAGCATCTATTCTGATTTTTTGG

",NA,NA,"24-Jan-2025","Huang,M.-C. and Wang,Y.-Y.","NCBI GenBank","https://www.ncbi.nlm.nih.gov/nuccore/PV737903.1"
"PV737902.1","Bathynomus doederleinii","cox1",">PV737902.1 Bathynomus doederleinii isolate DSY8-1 cytochrome c oxidase subunit I (COX1) gene, partial cds; mitochondrial
ATATTGGCACTTTATATTTTATCTTTGGGGCTTGGGCTGGGGCAGTTGGCACAGGGTTGAGGATGATTAT
TCGTGTTGAGCTAGGTCAGCCCGGTAGCTTTATTGGGGATGATCAGATTTATAATGTGGTGGTAACGGCA
CACGCTTTTGTTATAATTTTTTTCCTTGTTATGCCTGTTATAATTGGGGGGTTTGGCAATTGGCTATTAC
CTTTAATACTAGGAGCTCCCGATATAGCATTCCCTCGTATGAATAATATAAGATTTTGGCTTTTGCCTCC
CTCTCTAGCTCTCTTGTTAAGCAGGGGGCTGGTTGAGAGAGGGGTTGGCACAGGTTGAACTGTTTATCCC
CCCCTAGCGAGCAGTATCGCACACAGGGGGGCTTCTGTGGATTTGGGGATTTTTTCATTACATTTAGCGG
GGGCCTCTTCTATTTTAGGGGCGGTGAATTTTATATCCACCACCATTAATATACGCTCTTACGGCATAAG
ACCAGATCGTGTCCCCCTCTTTGTATGGTCGGTGTTTATTACGGCTGTGTTATTATTACTTTCTCTTCCG
GTGTTGGCGGGGGCAATCACTATGCTTTTAACGGATCGGAATTTAAATACTAGATTTTTTGACCCAAGAG
GGGGAGGGGATCCTATTCTCTACCAGCATCTATTCTGATTTTTTGG

",NA,NA,"24-Jan-2025","Huang,M.-C. and Wang,Y.-Y.","NCBI GenBank","https://www.ncbi.nlm.nih.gov/nuccore/PV737902.1"
"PV719955.1","Bathynomus doederleinii","cox1",">PV719955.1 Bathynomus doederleinii isolate DSY10-1 cytochrome c oxidase subunit I (COX1) gene, partial cds; mitochondrial
ATATTGGCACTTTATATTTTATCTTTGGGGCTTGGGCTGGGGCAGTTGGCACAGGGTTGAGGATGATTAT
TCGTGTTGAGCTAGGTCAGCCCGGTAGCTTTATTGGGGATGATCAGATTTATAATGTGGTGGTAACGGCA
CACGCTTTTGTTATAATTTTTTTCCTTGTTATGCCTGTTATAATTGGGGGGTTTGGCAATTGGCTATTAC
CTTTAATACTAGGAGCTCCCGATATAGCATTCCCTCGTATGAATAATATAAGATTTTGGCTTTTGCCTCC
CTCTCTAGCTCTCTTGTTAAGCAGGGGGCTGGTTGAGAGAGGGGTTGGCACAGGTTGAACTGTTTATCCC
CCACTAGCGAGCAGTATCGCGCACAGGGGGGCTTCTGTGGATTTGGGGATTTTTTCATTACATTTAGCGG
GGGCCTCTTCTATTTTAGGGGCGGTGAATTTTATATCCACCACCATTAATATACGCTCTTACGGCATAAG
ACCAGATCGTGTCCCCCTCTTTGTATGGTCGGTGTTTATTACGGCTGTGTTATTATTACTTTCTCTTCCG
GTGTTGGCAGGGGCAATCACTATGCTTTTAACGGATCGGAATTTAAATACTAGATTTTTTGACCCAAGAG
GGGGAGGGGATCCTATTCTCTACCAGCATCTATTCTGATTTTTTGG

",NA,NA,"24-Jan-2025","Huang,M.-C.","NCBI GenBank","https://www.ncbi.nlm.nih.gov/nuccore/PV719955.1"
